SET check_function_bodies = false;
INSERT INTO public.party_types (identifier, created_at, updated_at) VALUES ('person', '2022-03-31 19:24:16.400715+00', '2022-03-31 19:24:16.400715+00');
INSERT INTO public.party_types (identifier, created_at, updated_at) VALUES ('organisation', '2022-03-31 19:24:21.575806+00', '2022-03-31 19:24:21.575806+00');
INSERT INTO public.parties (id, party_type, name, email, created_at, updated_at) VALUES ('84fe6ad4-e35c-4e0a-8809-56ebc8160cbe', 'person', 'Marcus Baguley', 'marcus.baguley@abletech.co.nz', '2022-03-31 19:52:55.151999+00', '2022-03-31 19:52:55.151999+00');
INSERT INTO public.parties (id, party_type, name, email, created_at, updated_at) VALUES ('fcfee65d-6d6d-460d-aacd-a2aacae360fe', 'person', 'Sam Gard', 'sam.gard@abletech.co.nz', '2022-03-31 19:53:03.470266+00', '2022-03-31 19:53:03.470266+00');
INSERT INTO public.parties (id, party_type, name, email, created_at, updated_at) VALUES ('366c4dae-be54-47dc-8e50-e052df41347f', 'person', 'Matthew Lee', 'matthew.lee@abletech.co.nz', '2022-03-31 19:53:09.326557+00', '2022-03-31 19:53:09.326557+00');
INSERT INTO public.parties (id, party_type, name, email, created_at, updated_at) VALUES ('ae5103ab-47cd-4aab-91e7-fd68ad5f09fa', 'organisation', 'Abletech', 'office@abletech.co.nz', '2022-03-31 19:53:18.392146+00', '2022-03-31 19:53:18.392146+00');
INSERT INTO public.relationship_types (identifier, created_at, updated_at) VALUES ('membership', '2022-03-31 19:24:32.780844+00', '2022-03-31 19:24:32.780844+00');
INSERT INTO public.relationship_types (identifier, created_at, updated_at) VALUES ('ownership', '2022-03-31 19:24:35.443825+00', '2022-03-31 19:24:35.443825+00');
INSERT INTO public.relationship_types (identifier, created_at, updated_at) VALUES ('management', '2022-03-31 19:24:39.462196+00', '2022-03-31 19:24:39.462196+00');
INSERT INTO public.relationships (id, from_party_id, to_party_id, relationship_type, created_at, updated_at) VALUES ('b9ab6785-a8cc-4a2a-8f50-e4cd4489ba08', '84fe6ad4-e35c-4e0a-8809-56ebc8160cbe', 'ae5103ab-47cd-4aab-91e7-fd68ad5f09fa', 'ownership', '2022-03-31 19:53:44.540268+00', '2022-03-31 19:53:44.540268+00');
INSERT INTO public.relationships (id, from_party_id, to_party_id, relationship_type, created_at, updated_at) VALUES ('1b8b693f-5c6a-4822-aab8-1f272e1b1ca2', 'fcfee65d-6d6d-460d-aacd-a2aacae360fe', 'ae5103ab-47cd-4aab-91e7-fd68ad5f09fa', 'membership', '2022-03-31 19:53:51.223986+00', '2022-03-31 19:53:51.223986+00');
INSERT INTO public.teams (id, name, created_at, updated_at) VALUES ('1e59e7f4-33d3-4533-9a0a-ed2632d3703d', 'Team Abletech', '2022-03-31 19:54:09.549498+00', '2022-03-31 19:54:09.549498+00');
INSERT INTO public.resources (id, identifier, team_id, created_at, updated_at) VALUES ('919b59e4-a105-4859-9e7a-1de7d21cc159', 'https://github.com/abletech/parteam', '1e59e7f4-33d3-4533-9a0a-ed2632d3703d', '2022-03-31 19:54:35.03142+00', '2022-03-31 19:54:35.03142+00');
INSERT INTO public.subjects (id, party_id, team_id, permission) VALUES ('e4b472c8-7e0b-4fdf-b43d-f55928eba5f9', '84fe6ad4-e35c-4e0a-8809-56ebc8160cbe', '1e59e7f4-33d3-4533-9a0a-ed2632d3703d', 'admin');
INSERT INTO public.subjects (id, party_id, team_id, permission) VALUES ('5456543e-5cdf-4de7-95b5-fb43a788d0d3', 'fcfee65d-6d6d-460d-aacd-a2aacae360fe', '1e59e7f4-33d3-4533-9a0a-ed2632d3703d', 'write');
INSERT INTO public.subjects (id, party_id, team_id, permission) VALUES ('830e1222-6e35-4b64-aff9-062578ee96b6', '366c4dae-be54-47dc-8e50-e052df41347f', '1e59e7f4-33d3-4533-9a0a-ed2632d3703d', 'write');
